trial;score
0;0.333333
1;0.333333
2;0.466667
3;0.633333
4;0.533333
5;0.433333
6;0.466667
7;0.466667
8;0.333333
9;0.333333
10;0.433333
11;0.366667
12;0.366667
13;0.6
14;0.4
15;0.533333
16;0.5
17;0.366667
18;0.333333
19;0.4
20;0.3
21;0.6
22;0.333333
23;0.566667
24;0.366667
25;0.366667
26;0.3
27;0.566667
28;0.4
29;0.333333
