trial;score
0;0.266667
1;0.333333
2;0.2
3;0.233333
4;0.3
5;0.333333
6;0.233333
7;0.433333
8;0.366667
9;0.233333
10;0.233333
11;0.3
12;0.333333
13;0.366667
14;0.333333
15;0.266667
16;0.2
17;0.333333
18;0.3
19;0.3
20;0.333333
21;0.333333
22;0.3
23;0.3
24;0.366667
25;0.233333
26;0.266667
27;0.366667
28;0.333333
29;0.333333
