trial;score
0;0.966667
1;0.866667
2;0.866667
3;0.733333
4;0.766667
5;0.7
6;0.633333
7;0.833333
8;0.733333
9;0.666667
10;0.633333
11;0.733333
12;0.733333
13;0.833333
14;0.8
15;0.7
16;0.633333
17;0.566667
18;0.7
19;0.8
20;0.766667
21;0.666667
22;0.7
23;0.766667
24;0.833333
25;0.666667
26;0.7
27;0.566667
28;0.866667
29;0.766667
